{
  "0": {
    "cen_loss": 2.304660168170929,
    "cen_accuracy": 0.0995
  },
  "1": {
    "cen_loss": 2.304660168170929,
    "cen_accuracy": 0.0995
  },
  "2": {
    "cen_loss": 2.3445816340446473,
    "cen_accuracy": 0.134
  },
  "3": {
    "cen_loss": 2.510996789455414,
    "cen_accuracy": 0.17825
  },
  "4": {
    "cen_loss": 4.017212206363678,
    "cen_accuracy": 0.15125
  },
  "5": {
    "cen_loss": 2.2848297061920166,
    "cen_accuracy": 0.23425
  },
  "6": {
    "cen_loss": 4.657809701442718,
    "cen_accuracy": 0.202875
  },
  "7": {
    "cen_loss": 2.5817718074321747,
    "cen_accuracy": 0.244875
  },
  "8": {
    "cen_loss": 3.066384225130081,
    "cen_accuracy": 0.247
  },
  "9": {
    "cen_loss": 2.7433269381523133,
    "cen_accuracy": 0.255875
  },
  "10": {
    "cen_loss": 2.7395806374549867,
    "cen_accuracy": 0.256125
  },
  "11": {
    "cen_loss": 2.4831982913017274,
    "cen_accuracy": 0.29
  },
  "12": {
    "cen_loss": 2.550048290014267,
    "cen_accuracy": 0.28725
  },
  "13": {
    "cen_loss": 2.1572445979118346,
    "cen_accuracy": 0.324125
  },
  "14": {
    "cen_loss": 2.4365092935562136,
    "cen_accuracy": 0.326875
  },
  "15": {
    "cen_loss": 2.635053915262222,
    "cen_accuracy": 0.312
  },
  "16": {
    "cen_loss": 2.373114686727524,
    "cen_accuracy": 0.329125
  },
  "17": {
    "cen_loss": 2.8457685546875,
    "cen_accuracy": 0.319125
  },
  "18": {
    "cen_loss": 3.9350750637054444,
    "cen_accuracy": 0.300625
  },
  "19": {
    "cen_loss": 2.2769440245628356,
    "cen_accuracy": 0.341625
  },
  "20": {
    "cen_loss": 2.276944019317627,
    "cen_accuracy": 0.341625
  },
  "21": {
    "cen_loss": 2.986218853712082,
    "cen_accuracy": 0.32125
  },
  "22": {
    "cen_loss": 3.5129895358085634,
    "cen_accuracy": 0.311125
  },
  "23": {
    "cen_loss": 3.7438252301216126,
    "cen_accuracy": 0.25825
  },
  "24": {
    "cen_loss": 2.974456927061081,
    "cen_accuracy": 0.28875
  },
  "25": {
    "cen_loss": 2.572754053592682,
    "cen_accuracy": 0.304625
  },
  "26": {
    "cen_loss": 2.4309559309482576,
    "cen_accuracy": 0.33225
  },
  "27": {
    "cen_loss": 2.9047178542613983,
    "cen_accuracy": 0.307375
  },
  "28": {
    "cen_loss": 4.058706574440002,
    "cen_accuracy": 0.276625
  },
  "29": {
    "cen_loss": 3.5805355260372163,
    "cen_accuracy": 0.28475
  },
  "30": {
    "cen_loss": 3.5805354793071746,
    "cen_accuracy": 0.28475
  },
  "31": {
    "cen_loss": 3.1696245181560516,
    "cen_accuracy": 0.313625
  },
  "32": {
    "cen_loss": 2.9153268568515776,
    "cen_accuracy": 0.328625
  }
}