{
  "0": {
    "cen_loss": 2.304660168170929,
    "cen_accuracy": 0.0995
  },
  "1": {
    "cen_loss": 2.304660168170929,
    "cen_accuracy": 0.0995
  }
}