{
  "0": {
    "max_battery_mJ": 432000000.0,
    "initial_battery_mJ": 100000000.0,
    "final_battery_mJ": 91767066.78929526
  },
  "1": {
    "max_battery_mJ": 432000000.0,
    "initial_battery_mJ": 200000000.0,
    "final_battery_mJ": 184783865.74439
  },
  "2": {
    "max_battery_mJ": 432000000.0,
    "initial_battery_mJ": 100000000.0,
    "final_battery_mJ": 93453078.10931154
  },
  "3": {
    "max_battery_mJ": 432000000.0,
    "initial_battery_mJ": 200000000.0,
    "final_battery_mJ": 192500766.3117702
  },
  "4": {
    "max_battery_mJ": 432000000.0,
    "initial_battery_mJ": 100000000.0,
    "final_battery_mJ": 89962701.07722764
  },
  "5": {
    "max_battery_mJ": 432000000.0,
    "initial_battery_mJ": 200000000.0,
    "final_battery_mJ": 193453078.10931152
  },
  "6": {
    "max_battery_mJ": 432000000.0,
    "initial_battery_mJ": 300000000.0,
    "final_battery_mJ": 293453078.1093115
  },
  "7": {
    "max_battery_mJ": 432000000.0,
    "initial_battery_mJ": 100000000.0,
    "final_battery_mJ": 93453078.10931154
  },
  "8": {
    "max_battery_mJ": 432000000.0,
    "initial_battery_mJ": 100000000.0,
    "final_battery_mJ": 89962701.07722764
  },
  "9": {
    "max_battery_mJ": 432000000.0,
    "initial_battery_mJ": 300000000.0,
    "final_battery_mJ": 286452604.40089464
  },
  "10": {
    "max_battery_mJ": 432000000.0,
    "initial_battery_mJ": 100000000.0,
    "final_battery_mJ": 86452604.40089466
  },
  "11": {
    "max_battery_mJ": 432000000.0,
    "initial_battery_mJ": 300000000.0,
    "final_battery_mJ": 293453078.1093115
  },
  "12": {
    "max_battery_mJ": 432000000.0,
    "initial_battery_mJ": 300000000.0,
    "final_battery_mJ": 293453078.1093115
  },
  "13": {
    "max_battery_mJ": 432000000.0,
    "initial_battery_mJ": 100000000.0,
    "final_battery_mJ": 92292261.88983363
  },
  "14": {
    "max_battery_mJ": 432000000.0,
    "initial_battery_mJ": 200000000.0,
    "final_battery_mJ": 186452604.40089464
  },
  "15": {
    "max_battery_mJ": 432000000.0,
    "initial_battery_mJ": 300000000.0,
    "final_battery_mJ": 286452604.40089464
  },
  "16": {
    "max_battery_mJ": 432000000.0,
    "initial_battery_mJ": 300000000.0,
    "final_battery_mJ": 291949999.91420186
  },
  "17": {
    "max_battery_mJ": 432000000.0,
    "initial_battery_mJ": 200000000.0,
    "final_battery_mJ": 189962701.07722762
  },
  "18": {
    "max_battery_mJ": 432000000.0,
    "initial_battery_mJ": 100000000.0,
    "final_battery_mJ": 93453078.10931154
  },
  "19": {
    "max_battery_mJ": 432000000.0,
    "initial_battery_mJ": 300000000.0,
    "final_battery_mJ": 293453078.1093115
  },
  "20": {
    "max_battery_mJ": 432000000.0,
    "initial_battery_mJ": 200000000.0,
    "final_battery_mJ": 193453078.10931152
  },
  "21": {
    "max_battery_mJ": 432000000.0,
    "initial_battery_mJ": 100000000.0,
    "final_battery_mJ": 85301005.19062786
  },
  "22": {
    "max_battery_mJ": 432000000.0,
    "initial_battery_mJ": 300000000.0,
    "final_battery_mJ": 292010065.41913897
  },
  "23": {
    "max_battery_mJ": 432000000.0,
    "initial_battery_mJ": 300000000.0,
    "final_battery_mJ": 292798841.5813708
  },
  "24": {
    "max_battery_mJ": 432000000.0,
    "initial_battery_mJ": 100000000.0,
    "final_battery_mJ": 93453078.10931154
  },
  "25": {
    "max_battery_mJ": 432000000.0,
    "initial_battery_mJ": 100000000.0,
    "final_battery_mJ": 86452604.40089466
  },
  "26": {
    "max_battery_mJ": 432000000.0,
    "initial_battery_mJ": 100000000.0,
    "final_battery_mJ": 86452604.40089466
  },
  "27": {
    "max_battery_mJ": 432000000.0,
    "initial_battery_mJ": 100000000.0,
    "final_battery_mJ": 85604659.69818498
  },
  "28": {
    "max_battery_mJ": 432000000.0,
    "initial_battery_mJ": 100000000.0,
    "final_battery_mJ": 86129260.51383784
  },
  "29": {
    "max_battery_mJ": 432000000.0,
    "initial_battery_mJ": 200000000.0,
    "final_battery_mJ": 193453078.10931152
  },
  "30": {
    "max_battery_mJ": 432000000.0,
    "initial_battery_mJ": 300000000.0,
    "final_battery_mJ": 293453078.1093115
  },
  "31": {
    "max_battery_mJ": 432000000.0,
    "initial_battery_mJ": 300000000.0,
    "final_battery_mJ": 293453078.1093115
  },
  "32": {
    "max_battery_mJ": 432000000.0,
    "initial_battery_mJ": 300000000.0,
    "final_battery_mJ": 286452604.40089464
  },
  "33": {
    "max_battery_mJ": 432000000.0,
    "initial_battery_mJ": 100000000.0,
    "final_battery_mJ": 86054818.26274075
  },
  "34": {
    "max_battery_mJ": 432000000.0,
    "initial_battery_mJ": 300000000.0,
    "final_battery_mJ": 286452604.40089464
  },
  "35": {
    "max_battery_mJ": 432000000.0,
    "initial_battery_mJ": 300000000.0,
    "final_battery_mJ": 286452604.40089464
  },
  "36": {
    "max_battery_mJ": 432000000.0,
    "initial_battery_mJ": 300000000.0,
    "final_battery_mJ": 289797438.01110923
  },
  "37": {
    "max_battery_mJ": 432000000.0,
    "initial_battery_mJ": 100000000.0,
    "final_battery_mJ": 86452604.40089466
  },
  "38": {
    "max_battery_mJ": 432000000.0,
    "initial_battery_mJ": 100000000.0,
    "final_battery_mJ": 86452604.40089466
  },
  "39": {
    "max_battery_mJ": 432000000.0,
    "initial_battery_mJ": 200000000.0,
    "final_battery_mJ": 193453078.10931152
  },
  "40": {
    "max_battery_mJ": 432000000.0,
    "initial_battery_mJ": 200000000.0,
    "final_battery_mJ": 186452604.40089464
  },
  "41": {
    "max_battery_mJ": 432000000.0,
    "initial_battery_mJ": 300000000.0,
    "final_battery_mJ": 293453078.1093115
  },
  "42": {
    "max_battery_mJ": 432000000.0,
    "initial_battery_mJ": 200000000.0,
    "final_battery_mJ": 191158344.52575654
  },
  "43": {
    "max_battery_mJ": 432000000.0,
    "initial_battery_mJ": 200000000.0,
    "final_battery_mJ": 186452604.40089464
  },
  "44": {
    "max_battery_mJ": 432000000.0,
    "initial_battery_mJ": 300000000.0,
    "final_battery_mJ": 293453078.1093115
  },
  "45": {
    "max_battery_mJ": 432000000.0,
    "initial_battery_mJ": 100000000.0,
    "final_battery_mJ": 93453078.10931154
  },
  "46": {
    "max_battery_mJ": 432000000.0,
    "initial_battery_mJ": 100000000.0,
    "final_battery_mJ": 86452604.40089466
  },
  "47": {
    "max_battery_mJ": 432000000.0,
    "initial_battery_mJ": 300000000.0,
    "final_battery_mJ": 286319053.2731991
  },
  "48": {
    "max_battery_mJ": 432000000.0,
    "initial_battery_mJ": 300000000.0,
    "final_battery_mJ": 293453078.1093115
  },
  "49": {
    "max_battery_mJ": 432000000.0,
    "initial_battery_mJ": 300000000.0,
    "final_battery_mJ": 286223822.2922585
  },
  "50": {
    "max_battery_mJ": 432000000.0,
    "initial_battery_mJ": 200000000.0,
    "final_battery_mJ": 186452604.40089464
  },
  "51": {
    "max_battery_mJ": 432000000.0,
    "initial_battery_mJ": 200000000.0,
    "final_battery_mJ": 185417076.75868607
  },
  "52": {
    "max_battery_mJ": 432000000.0,
    "initial_battery_mJ": 100000000.0,
    "final_battery_mJ": 93453078.10931154
  },
  "53": {
    "max_battery_mJ": 432000000.0,
    "initial_battery_mJ": 300000000.0,
    "final_battery_mJ": 293453078.1093115
  },
  "54": {
    "max_battery_mJ": 432000000.0,
    "initial_battery_mJ": 300000000.0,
    "final_battery_mJ": 293453078.1093115
  },
  "55": {
    "max_battery_mJ": 432000000.0,
    "initial_battery_mJ": 100000000.0,
    "final_battery_mJ": 91923516.41380681
  },
  "56": {
    "max_battery_mJ": 432000000.0,
    "initial_battery_mJ": 100000000.0,
    "final_battery_mJ": 86452604.40089466
  },
  "57": {
    "max_battery_mJ": 432000000.0,
    "initial_battery_mJ": 300000000.0,
    "final_battery_mJ": 293453078.1093115
  },
  "58": {
    "max_battery_mJ": 432000000.0,
    "initial_battery_mJ": 300000000.0,
    "final_battery_mJ": 281948194.50311995
  },
  "59": {
    "max_battery_mJ": 432000000.0,
    "initial_battery_mJ": 100000000.0,
    "final_battery_mJ": 89962701.07722764
  },
  "60": {
    "max_battery_mJ": 432000000.0,
    "initial_battery_mJ": 300000000.0,
    "final_battery_mJ": 293453078.1093115
  },