{
  "0": {
    "cen_loss": 2.304660168170929,
    "cen_accuracy": 0.0995
  },
  "1": {
    "cen_loss": 2.304660168170929,
    "cen_accuracy": 0.0995
  },
  "2": {
    "cen_loss": 2.3445816254615783,
    "cen_accuracy": 0.134
  },
  "3": {
    "cen_loss": 2.4886252872943877,
    "cen_accuracy": 0.183375
  },
  "4": {
    "cen_loss": 3.969385929584503,
    "cen_accuracy": 0.144875
  }
}